id,text,label,confidence,page,section
chunk_146,". We continue to develop new and innovative growth34. It has a public target of doubling the number of Malaysians propositions to address the evolving needs of our customers. insured under Takaful policy certificates by 2026 through providing financial incentives for the purchasing of private insurance policies34. For example, we strengthened our health and protection offering by enhancing our core medical investment-linked proposition, In Malaysia, we are the leading life insurer with 18.9 per cent market which caters for both new and existing customers. We believe that share29, and we have one of the largest agency forces in the industry",market,0.6,27,General
chunk_24,". Claudia Suessmuth growth and high potential markets, we are investing to have better Dyckerhoff, who joined in January 2023. They bring extensive insight into our customers and meet their needs, enhancing our knowledge and experience of insurance, health and technology, as well multi-channel distribution capabilities, and embedding technology as market experience in China and India. In the course of 2022, we to enhance the experience and delivery of our products and services. announced that Philip Remnant, who joined the Board in 2013, and Tom Watjen, who joined in 2017, will step down at the end of the 2023 With our leadership and operating geographies now fully aligned, we AGM in May",leadership,1.0,7,Leadership - Chair's Statement
chunk_13,". pace of our transformation continued. We faced a challenging external The Board has approved a 2022 second interim cash dividend of environment, with continued macroeconomic and geopolitical 13.04 cents per share (2021: 11.86 cents per share). Combined with the headwinds, some, such as higher food and energy prices exacerbated first interim cash dividend of 5.74 cents per share (2021: 5.37 cents per by the war in Ukraine, others by longer-term dynamics and emerging share), the Groups total 2022 cash dividend is 18.78 cents per share trends. There are important differentiating factors between our (2021: 17.23 cents per share), an increase of nine per cent. markets in Asia and Africa, but generally inflation continues to put pressure on the cost-of-living for individuals and families",leadership,0.8,6,Leadership - Chair's Statement
chunk_557,". Materiality matrix High Workplace health and Responsible safety Inclusive Customer investment Responsible products satisfaction environmental and services Fair treatment practices of customers Privacy and data protection Climate Digital health d T e r v a e in lo in p g m a e n n d t F lit in e a ra n c c y ial change innovation Ethics and responsible Influence on business practices Employment, Diversity, stakeholder recruitment inclusion and assessments and rewards belonging Corporate and decisions governance Community engagement Responsible and investment procurement practices Volunteerism Labour rights Anti-bribery and corruption Biodiversity and nature-based considerations Emerging Emerging Significance of Prudentials economic",esg,1.0,75,General
chunk_1080,"C Financial position / continued C1 Group assets and liabilities by business type continued Notes (i) With-profits comprises the with-profits assets and liabilities of the Hong Kong, Malaysia and Singapore operations. Unit-linked comprises the assets and liabilities held in the unit-linked funds. Other includes assets and liabilities of other participating business and other non-linked shareholder-backed business. (ii) Of the Groups debt securities, the following amounts were held by the consolidated investment funds. 31 Dec 2022 31 Dec 2021 $m $m Debt securities held by consolidated investment funds 11,899 15,076 (iii) Other financial investments comprise derivative assets and deposits",operations,1.0,316,General
chunk_73,". For example, our customer segmentation has growth strategy and to enhance our operating model to keep pace identified a clear opportunity in further expanding our offering in with our opportunities. the family segment leading to the launch of the innovative WE DO Family proposition in 2022. Through the application of a We have strong franchises and operational expertise in both the data-driven approach, this proposition helps us identify the needs more developed markets and developing markets in Asia and Africa. of our customers based on their life events and individual We continue to build on our success in the Chinese Mainland where circumstances, helping us to tailor our offerings and build lifelong we see substantial opportunity to deepen our presence across a relationships",strategy,1.0,20,Strategic Report - Strategy
chunk_399,". The Groups Risk arise indirectly through policyholder exposures and third-party Factor disclosures can be found at the end of this document. Risks to the Groups financial situation (including those from the external macroeconomic and geopolitical environment) The global economic and geopolitical environment may impact on the Group directly by affecting trends in financial markets and asset values, as well as driving short-term volatility. Risks in this category include the market risks to our investments and the credit quality of our investment portfolio as well as liquidity risk",risk,1.0,56,Risk Management
chunk_410,". include CPLs exposure to equity risk through investments in equity When this duration mismatch is not eliminated, it is monitored assets for most of its products, including participating and non- and managed through local risk and asset liability management participating savings products and protection and investment-linked committees and Group risk limits consistent with the Groups products. The Hong Kong business and, to a lesser extent, the appetite for interest rate risk. Singapore business contribute to the Groups equity risk exposure due to the equity assets backing participating products",risk,1.0,57,Risk Management
chunk_574,". In 2022, the Group ESG include consideration of how the matter requiring approval supports Committee reported to the Board through the RSWG. Further and/or impacts the Groups ESG strategy, including setting and information on the governance and oversight of our responsible overseeing major capital expenditures, acquisitions, and divestitures. investment activity is provided in the Group responsible investment Group overview remuneration report Financial statements European Embedded Value (EEV) basis results Additional information Strategic report",esg,1.0,77,Sustainability & ESG
chunk_566,". committees met during 2022. In recent years, the Board has included ESG in the strategic priorities In addition to regular course discussion, to further enhance strategic for the Groups Executive Directors by way of a specific objective to Board-level discussions on climate, a dedicated climate deep dive drive the climate and responsible investment focus across the session was held with the Board in September 2022. Following organisation, both as an asset owner and an asset manager, through discussions at the Board on our approach to climate change, the embedding the external ESG commitments made in May 2021",esg,1.0,77,Sustainability & ESG
chunk_46,"Our strategy How we drive value for all stakeholders Q What is driving Q What is our strategy? our business today? A Our strategy is enacted A Our purpose is to under three key areas: help people get the most out of life: Delivering We want to make healthcare  Growing our savings and affordable and accessible, and protection business by promote financial inclusion. protecting our customers health and wellbeing. We seek to protect peoples wealth, and help them to grow their assets  Focusing on the growth and save for their goals. opportunities in the Chinese Mainland, India, and South- We deliver our purpose by east Asia. following these key Principles:  Positioning Eastspring to be a leading responsible investor  We put customers first in Asia",strategy,1.0,14,Strategic Report - Strategy
chunk_243,"Financial review / continued The Group aligns its capital adequacy requirements with the With effect from 1 January 2023, IFRS 17, the new accounting established EEV and free surplus framework by comparing the total standard for insurance contracts that replaces IFRS 4, becomes eligible Group capital resources with the Groups Prescribed Capital effective and the Groups IFRS reporting will be prepared on this basis Requirement (GPCR) and this is explained further in the capital from half year 2023. While this is an important step for the Group and management section below",financial,1.0,38,Financial Review
chunk_52,". SEE OUR KEY PERFORMANCE SEE OUR REMUNERATION INDICATORS PAGE 32 REPORT PAGE 226 Group overview remuneration report Financial statements European Embedded Value (EEV) basis results Additional information Strategic report Operating free surplus generated1 2022 2,193 2018 1,564 $m 0 500 1,000 1,500 2,000 2,500 EEV shareholders equity1 2022 42.2 2018 27.4 $bn 0 10 20 30 40 50 Carbon emissions (WACI) 2022 219 2019 386 0 100 200 300 400 500",strategy,1.0,15,Strategic Report - KPIs
chunk_980,". B1.2 Determining operating segments and performance measure of operating segments Operating segments The Groups operating and reported segments for financial reporting purposes are defined and presented in accordance with IFRS 8 Operating Segments on the basis of the management reporting structure and its financial management information. Under the Groups management and reporting structure, its chief operating decision maker is the Group Executive Committee (GEC), chaired by the Chief Executive Officer. Performance measures for insurance operations are analysed by geographical areas for the larger business units of CPL, Hong Kong, Indonesia, Malaysia and Singapore, with Eastspring, the asset management business, also analysed separately",operations,1.0,300,General
chunk_47,". following these key Principles:  Positioning Eastspring to be a leading responsible investor  We put customers first in Asia. Delivering  We act with integrity  Supporting sustainable  We embrace a growth profitable growth through our inclusive mindset approach to climate transition. growth  We invest in all our and social communities Digitalising impact  We take the long view  Accelerating our digitally- enabled model of distribution.  Improving customer servicing.  Strengthening our direct digital insurance product suite.  Entering strategic digital partnerships. Humanising  Upskilling our people, agents and partner advisers.  Providing inclusive offerings for all segments.  Ensuring our working environment is inclusive and promotes belonging",strategy,1.0,14,Strategic Report - Strategy
chunk_147,". We believe that share29, and we have one of the largest agency forces in the industry. its benefits offering is unique and supports customers needs by We are the largest Takaful operator in the market with 22.3 per cent providing medical protection that automatically increases in value market share29 and our Takaful new business sales are 1.4 times every year, unlimited room and board and ICU stay, and longer pre greater versus our nearest competitor in this market35. and post-hospitalisation care. It also rewards customers for staying New business performance during 2022 healthy. The benefits are designed to reinforce the importance of APE sales declined (17) per cent10 due to both the combined impact early intervention and consistent annual preventive care",market,0.6,27,General
chunk_1046,. B3.1 Total tax charge by nature The total tax charge in the income statement is as follows: 2022 $m 2021 $m Attributable to shareholders: Hong Kong (52) (40) Indonesia (60) (74) Malaysia (90) (71) Singapore (78) (67) Growth markets and other (144) (159) Eastspring (26) (30) Total segment (450) (441) Unallocated to a segment (central operations) (4) (21) Tax charge attributable to shareholders (454) (462) Attributable to policyholders: Hong Kong (56) (79) Indonesia (5) 4 Malaysia – (2) Singapore 44 (261) Growth markets and other (4) (4) Tax charge attributable to policyholders (21) (342) Total tax charge (475) (804) Profit before tax includes Prudentials share of profit after tax from the joint ventures and associates that are equity-accounted for,operations,1.0,308,General
chunk_86,". As the advice. Our multi-channel and integrated distribution strategy impact of Covid-19 subsides and agency activity resumes, we expect enables us to adapt flexibly to changing local market conditions in the agency contribution to new business profit to increase while order to deliver products and services to targeted consumer segments maintaining the diversified distribution mix in line with our strategy. and support our growth ambitions. This distribution network encompasses agency and bancassurance partnerships with a digital platform. Historically, agency contributed around 80 per cent of our overall new business profit in 2019. Asian and African insurance market distribution dynamics have been significantly affected by Covid-19-related restrictions",strategy,1.0,21,Strategic Report - Strategy
chunk_340,"In the face of significant market volatility and uncertainty, Macroeconomic and market environment Prudentials Group Risk Framework, risk appetite, and robust The Russia-Ukraine conflict may continue to lead to economic and its risk exposure dynamically and effectively throughout 2022, dependence on Russian energy and commodities. The uncertainty on in order to achieve the Groups strategy of delivering value for the longer-term evolution of these tensions has contributed to our shareholders and all our stakeholders. This section explains the keeping energy and commodity prices high and volatile leading to main risks inherent in the business and how Prudential manages high inflationary pressures",risk,1.0,51,General
chunk_568,". the Groups approach to ensuring the transition to a low-carbon Further information can be found in the Directors remuneration economy considers all countries, economies and worker populations report. by raising awareness on the country-specific challenges for emerging markets in the energy transition. The Board Responsibility and Sustainability Working Group (RSWG), established in early 2021, continued during 2022. George Sartorel In respect of the review of the FY22 ESG Report: replaced Alice Schroeder as Chair following the AGM in May 2022,  The GRC reviewed the disclosures made in the sections of the ESG and both Arijit Basu and Claudia Suessmuth Dyckerhoff were Report that relate to areas within its remit (including non-climate appointed to the RSWG on joining the Board",esg,1.0,77,Sustainability & ESG
chunk_774,". note that this reduction will not be linear, as our premises portfolio is expected to change with our business operations. As the fall in our 2022 emissions continues to be ahead of the reduction trajectory required to meet our 2030 target for Scope 1 and Movement in our operational emissions 2 emissions, we have not purchased any carbon offsets for Scope 1 Our 2022 reporting covers the period 1 October 2021 to and 2 emissions in 2022. We have procured renewable energy in 30 September 2022, and includes our global property portfolio, which Malaysia through green procurement strategies, utilising the Green spans Asia, Africa and the United Kingdom. Energy Tariff (GET) and International Renewable Energy Certificates (I-RECs) programmes",operations,1.0,104,Corporate Governance
chunk_414,". The ALM strategy adopted exchange risk. In cases where a non-US dollar denominated surplus by the local business units considers the liability profile and arises in an operation which is to be used to support Group capital related assumptions of in-force business and new products to or shareholders interest (i.e. remittances), this currency exposure appropriately manage investment risk within ALM risk appetite, may be hedged where considered economically favourable. under different scenarios in accordance with policyholders Further, the Group generally does not have appetite for significant reasonable expectations, and economic and local regulatory direct shareholder exposure to foreign exchange risks in currencies requirements",risk,1.0,57,Risk Management
chunk_56,". We are working to accelerate the digital enablement of our distribution network and a seamless digital customer experience. ... and what We have top three positions in 12 out Our focus on regular premium Our extensive multi-channel differentiates us of 13 life markets in Asia, and Eastspring savings and protection products and integrated distribution is a top-10 asset manager in six of helps us grow our revenues over time enables us to better understand and 11 markets. We operate in eight as we add new customers and increase service customers financial needs. countries in Africa, where we have the savings of our existing customers",market,0.8,16,Strategic Report - Business Model
chunk_405,". and is compatible with a robust solvency position. The Groups Prudentials appetite for interest rate risk requires that assets and market risks are managed and mitigated by the following: liabilities should be tightly matched for exposures where assets or  The Group market risk policy; derivatives exist that can cover these exposures. Interest rate risk is accepted where this cannot be hedged, provided that this arises  Risk appetite statements, limits and triggers; from profitable products and to the extent that such interest rate  The Groups capital and asset liability management committees; risk exposure remains part of a balanced exposure to risks and is  Asset and liability management activities, which include compatible with a robust solvency position",risk,1.0,56,Risk Management
chunk_17,"individual with a deep understanding of, and operating experience Climate, people and communities in insurance across our key Asian markets and the skills to lead and Prudentials ability to generate shareholder returns is inextricably develop a customer-centric, performance-driven culture. Given the linked to our creation of social value and our alignment with national significance of the decision to the future success of the Group, the priorities for the protection of people in our markets. Underpinning our Board conducted a rigorous selection process involving all Non- purpose, our commitments on sustainability, customers, people and executive Board members",leadership,1.0,7,Leadership - Chair's Statement
chunk_278,". Through 2021, 2022 and early 2023, the OECD also includes a number of additional disclosures, including a country- has issued model rules, guidance and a number of supplementary by-country disclosure of revenues, profits, average employee numbers documents. Further OECD documents are expected during the course and taxes for all jurisdictions where more than $5 million tax was of 2023. A number of jurisdictions where Prudential has operations paid. This disclosure is included as a way of demonstrating that our either have already issued or intend to issue draft legislation to tax footprint (ie where we pay taxes) is consistent with our business implement the OECD rules into domestic tax law. Detailed analysis footprint",financial,1.0,42,Financial Review
chunk_1069,"C Financial position / continued C1 Group assets and liabilities by business type continued 31 Dec 2022 $m Asia and Africa Elimination Insurance of Unallocated intra-group With- Unit- Elimina- to a debtors and Group profits linked Other Eastspring tions Total segment creditors total note (i) note (i) note (i) Debt securities notes (ii)(iv) Sovereign debt Indonesia 482 589 483 3 – 1,557 – – 1,557 Singapore 3,240 507 917 67 – 4,731 – – 4,731 Thailand – – 1,456 – – 1,456 – – 1,456 United Kingdom – 4 – – – 4 – – 4 United States 19,983 54 1,854 – – 21,891 – – 21,891 Vietnam 1 12 2,397 – – 2,410 – – 2,410 Other (predominantly Asia) 2,041 646 3,288 27 – 6,002 – – 6,002 Subtotal 25,747 1,812 10,395 97 – 38,051 – – 38,051 Other government bonds AAA 1,480 85 108 – – 1,673 – – 1,673 AA to AA- 105 21",operations,1.0,314,General
chunk_397,"Risk review / continued 3 The Groups principal risks business. The Groups principal risks, which are not exhaustive, are detailed below. The Groups risk management cycle (detailed The delivery of the Groups strategy in building long-term value for above) includes within its scope the processes for prioritising and its shareholders and other stakeholders, focusing on high-growth determining the relative significance of ESG and climate-related risks, business in Asia and Africa, exposes Prudential to risks. The as well as those associated with implementing the Groups externally materialisation of these risks within the Group or in its joint ventures, communicated commitments",risk,1.0,56,Risk Management
chunk_277,". This change does losses on which no tax credit is recognised. not impact Prudential plcs legal structure or place of incorporation From 2024 onwards, the effective tax rate on adjusted operating profit is which remains in the UK. Further detail, including tax guidance for likely to be impacted by a combination of the Organisation for Economic relevant shareholders, can be found at www.prudentialplc.com. Co-operation and Development (OECD) proposals to implement a Tax strategy global minimum tax rate of 15 per cent and some jurisdictions where The Group publishes its tax strategy annually which, in addition to Prudential operates implementing a domestic minimum tax based complying with the mandatory UK (Finance Act 2016) requirements, on the OECD proposals",financial,1.0,42,Financial Review
chunk_240,". $945 million9. This was allocated between operating and non- operating profit in line with the Groups usual principles. In 2022, the Group reported a 9 per cent4 increase in APE sales to $4,393 million while new business profit was (11) per cent4 lower Our Groups regulatory capital position, free surplus and central at $2,184 million. This encouraging APE sales performance, despite liquidity positions remain robust. The Groups leverage remains near Covid-19-related disruption during the first half of the year, reflects the bottom of our target range at 20 per cent, estimated on the benefit of our diversification across geography, channel and a Moodys basis, after allowing for the redemption of a £300 million products",financial,1.0,37,General
chunk_2,", Section 172 Statement READ 16 MORE 176 Governance 178 Chairs governance statement 180 Our leadership 190 Corporate governance Our financial 192 How we operate 202 Risk management and internal control 204 Committee reports performance 223 Statutory and regulatory disclosures 225 Index to principal Directors report disclosures 226 Directors remuneration report 228 Annual statement from the Chair of the Remuneration Committee 233 Our Executive Directors remuneration at a glance 234 Summary of proposed changes to the 236 Annual report on remuneration 261 New Directors remuneration policy 276 Additional remuneration disclosures READ 34 MORE 280 Financial statements 376 European Embedded Value (EEV) basis results Our risk profile 402 Additional information 404 Index to the additional unaudited",leadership,1.0,3,Leadership - Chair's Statement
chunk_281,", net of related tax (531) (165) Other external dividends (474) (421) Issue of equity shares (4) 2,382 Other (including revaluation of Jackson residual interest since demerger) (117) 240 Decrease in shareholders equity (128) (3,790) Shareholders equity at beginning of the year 17,088 20,878 Shareholders equity at end of the year 16,960 17,088 Shareholders value per share19 617 622 Group IFRS shareholders equity decreased marginally to $17.0 billion at 31 December 2022, reflecting profit generated during the year, offset by dividend payments of $(0.5) billion, adverse exchange movements of $(0.5) billion and movements including the revaluation of the residual interest in Jackson Financial Inc.",financial,1.0,42,Financial Review
chunk_563,", recruitment and rewards Agency distributors Agency distributor survey Customer satisfaction Inclusive products and services Training and development Digital innovation Customer fair dealing Governments and regulators Roundtables Healthcare access and insurance Consultations Ethics and responsible business practices Regulatory colleges Data privacy Regular meetings Financial inclusion Climate change Responsible tax Further information on our engagement with our stakeholders can be found in our Section 172 Statement.",esg,1.0,76,Sustainability & ESG
chunk_109,".  Adjusted operating profit and Group IFRS profit after tax are discussed separately in the Financial review section of this Strategic report. The Chinese Mainland continues to present significant growth been underpinned by a diversified distribution strategy with a opportunities for the Group, with a population of circa 1.4 billion28, high-quality agency force and strong partnerships with banks with low levels of insurance penetration and an estimated health and delivering customer-centric protection and savings solutions. protection gap of $805 billion5",strategy,1.0,24,Strategic Report - Strategy
chunk_1015,. The segmental analysis of depreciation and amortisation is shown below. 2022 $m 2021 $m Hong Kong (147) (123) Indonesia (61) (51) Malaysia (70) (56) Singapore (202) (162) Growth markets and other (461) (390) Eastspring (13) (17) Total segment (954) (799) Unallocated to a segment (central operations) (26) (31) Total depreciation and amortisation (980) (830) (iii) Interest expense is included in Administration costs and other expenditure (net of other reinsurance commission) other than interest on core structural borrowings that is presented separately on the income statement as Finance costs: interest on core structural borrowings of shareholder-financed businesses,operations,1.0,304,General
chunk_260,"Share of related tax charges from joint ventures and associates (76) (44) (42) Long-term business pre-tax adjusted operating profit 3,846 3,709 3,583 Long-term business adjusted operating profit grew 7 per cent4 With-profits earnings relate to the shareholders share in bonuses to $3,846 million (2021: $3,583 million4)",financial,1.0,40,Financial Review
chunk_419,"Risk review / continued Risks to the Groups financial situation (including those from the external macroeconomic and geopolitical environment) continued Liquidity risk (continued) The Group has significant internal sources of liquidity sufficient to  Regular assessment and reporting by the Group and business meet its expected cash requirements for at least 12 months from units of Liquidity Coverage Ratios which are calculated under the date the financial statements are approved, without having both base case and stressed scenarios; to resort to external sources of funding",risk,1.0,58,Risk Management
chunk_249,". IFRS profit Actual exchange rate Constant exchange rate 2022 $m 2021 $m Change % 2021 $m Change % Adjusted operating profit based on longer-term investment returns before tax from continuing operations CPL 368 343 7 329 12 Hong Kong 1,036 975 6 969 7 Indonesia 343 446 (23) 429 (20) Malaysia 364 350 4 330 10 Singapore 678 663 2 646 5 Growth markets and other 1,057 932 13 880 20 Long-term business adjusted operating profit 3,846 3,709 4 3,583 7 Asset management 260 314 (17) 299 (13) Total segment profit from continuing operations 4,106 4,023 2 3,882 6 Net investment income and other items 39 21 86 21 86 Interest payable on core structural borrowings (200) (328) 39 (328) 39 Corporate expenditure (276) (298) 7 (280) 1 Other income and expenditure (437) (605) 28 (587) 26 Total adjusted",operations,1.0,38,Financial Review
chunk_156,". We have been serving the financial customer experience. Our enterprise benefit business also delivered needs of Singapore residents for more than 90 years, delivering good growth with APE sales increasing by 17 per cent10, covering over a suite of product offerings and professional advice through our 3,000 small-to-medium enterprises and over 200,000 employees. network of more than 5,000 financial consultants and our To meet the specific retirement and investment needs of our bank partners. customers, we have launched PruVantage Wealth, an investment- In 2022, we continued to drive our segment-led customer strategy linked product offering low fees, simplified charges and a wide range by further penetrating the high-net-worth segment",strategy,1.0,28,Strategic Report - Strategy
chunk_247,. We have yet to complete the production of our half-year for the debt redemption in January 2022). The GWS coverage ratio at and full-year 2022 comparatives using the IFRS 17 accounting 1 January 2022 measured on GPCR basis after the regulatory standard but we estimate that the net impact of timing differences changes was 320 per cent. The Groups free surplus increased by between the two accounting bases will decrease the adjusted IFRS 17 $1.4 billion as a result of the change on 1 January 2022. This is less operating profit for 2022 by between $650 million and $850 million than the increase in GWS surplus as free surplus excludes regulatory compared with IFRS 4,financial,1.0,38,Financial Review
chunk_67,"Strategic and operating review / continued Following the completion of the Groups restructuring in 2021, our The first part of 2022 saw Covid-19-related disruption in many of operations are fully dedicated to the life insurance and asset our markets as the Omicron variant increased infection levels and management opportunities in Asia and Africa. Our headquarters and associated social restrictions. Subsequently, most markets have management of the Group are now based in Hong Kong. returned to more stable operating conditions, albeit the border between the Chinese Mainland and Hong Kong remained closed Our strategy is aligned with the long-term structural opportunities throughout 2022. Against this backdrop, APE sales9 increased in Asia and Africa",strategy,1.0,20,Strategic Report - Strategy
chunk_404,". detailed in the Insurance Risks section below. Interest rate risk, including asset liability management (ALM). The Group has appetite for market risk where it arises from Interest rate risk is driven by the impact of the valuation of profit-generating insurance activities to the extent that it remains Prudentials assets (particularly government and corporate bonds) part of a balanced portfolio of sources of income for shareholders and liabilities, which are dependent on market interest rates. and is compatible with a robust solvency position",risk,1.0,56,Risk Management
chunk_847,". In 2022, PRUCommunities performance reviews, and more. articles were viewed by more than 10,000 employees, including nearly 2,800 views on the Community Connections page, and nearly The Board uses a range of formal and informal methods to engage, 3,500 views of our We DO Wellness page. communicate and understand the views of the workforce. In May 2021, the Responsibility & Sustainability Working Group assumed In 2022, Prudential signed the Neurodiversity in Business responsibility for leading the programme of workforce engagement Membership Charter as part of our commitment to further and, along with other Non-executive Directors, the Working Group strengthen inclusion and deepen belonging in the workplace",leadership,1.0,112,Corporate Governance
chunk_19,". He has a and communities. strong track record of creating and driving a culture of performance and success, and digital experience, most recently driving the Alongside our specific climate change policies and commitments, we modernisation of technology platforms across Asia. He joined the have made progress across these closely connected areas and continue company as Chief Executive Officer on 25 February 2023. to embed our policies and processes, including the ESG strategy we set out in 2021, across the company. Our approach and the actions we The Board is immensely grateful for the way in which Mark FitzPatrick have taken on ESG are detailed in our 2022 ESG Report on pages 66 to led Prudential as interim Chief Executive Officer. Mark has made a vital 168",leadership,1.0,7,Leadership - Chair's Statement
chunk_94,". real-time management information tools and AI-powered analytics. For example, in October 2022, we entered a strategic partnership From a technology standpoint, the Pulse platform utilises a one with Google Cloud to make healthcare and financial security more platform approach, allowing Prudential to consolidate and reduce IT accessible across Asia and Africa. This strategic partnership supports investment over the long term as well as accelerate application our broader digital strategy to leverage AI and advanced analytics development and deployment across our many markets. We remain to transform the customer and agent experience and lower barriers committed to the strategic pillars which have driven our digital to accessing financial services",strategy,1.0,22,Strategic Report - Strategy
chunk_76,". Through leveraging our scale and expertise in those markets we believe we can achieve attractive returns. We have significant investment appetite and capacity to support organic growth through funding the writing of new business and through adding to our existing capabilities, including distribution. We also remain ready to consider strategic inorganic opportunities. We seek geographic diversification of our Asia operations among Greater China7, our businesses in South-east Asia8 and India.",strategy,1.0,20,Strategic Report - Strategy
chunk_981,". CPL is managed jointly with CITIC, a Chinese state-owned conglomerate. All other Asia and Africa insurance operations are included in the Growth markets and other segment alongside other amounts that are not included in the segment profit of an individual business unit, including tax on life joint ventures and associates and other items that are not representative of the underlying segment trading for the period. Operations and transactions which do not form part of any business unit are reported as Unallocated to a segment and generally comprise head office functions, as presented in the additional segmental analysis in note B1.4",operations,1.0,300,General
chunk_409,". based broadly on historical and current rates of return from the businesss investment portfolios, which include equities. The Group The Groups risk exposure to lower/decreased interest rates arises has limited acceptance for exposures to equity risk, but accepts the from the guarantees of some non-unit-linked products with a equity exposure that arises on future fees (including shareholder savings component, including the Hong Kong and Singapore transfers from the with-profits business). with-profits and non-profit businesses. This exposure results from the potential for an asset and liability mismatch, where long-dated The material exposures to equity risk in the Groups businesses liabilities and guarantees are backed by short-dated assets",risk,1.0,57,Risk Management
chunk_232,". Operating return on advantage of the long-term opportunities as our markets recover embedded value8 was 9 per cent compared with 8 per cent in 2021. from the effects of Covid-19. After allowing for economic effects, such as changes in interest rates, currency movements and the payment of the external dividend, The Groups 2022 financial performance saw us deliver growth across the Groups embedded value at 31 December 2022 was $42.2 billion many of our key performance measures, with APE sales1, operating (31 December 2021: $47.4 billion9), equivalent to 1,534 cents per free surplus generated2, EEV operating profit and IFRS adjusted share (31 December 2021: 1,725 cents per share9). The operating free operating profit3 all higher than the prior year4",financial,1.0,37,General
chunk_578,", and from ESG matters, including climate change, February 2023 by Group CFO that are material to the Group  Members include asset owner and asset manager CEOs, Group CRCO",esg,1.0,78,Sustainability & ESG
chunk_889,". We will cultivate a stakeholders, are met. Information on executive remuneration and continuous learning culture, and build skills for now and the future, its alignment with the pay of other employees is provided in the through a new Prudential Skills Framework that will underpin our skill-building initiatives in 2023. As part of the implementation, As reported in the 2021 Directors remuneration report, the UK functional leaders and subject matter experts will work together to headcount of Prudential Services Ltd is below the 250-person co-create Learning Academies for functional skills development. threshold which triggers mandatory publication of the gender pay We also aim to launch a Leadership Skills Booster to prepare our gap and the CEO pay ratio",leadership,1.0,118,Corporate Governance
chunk_415,". Factors such as the availability of matching outside the markets in which it operates, but it does have some assets, diversification, currency and duration are considered as appetite for this on fee income and on equity investments within appropriate. The assumptions and methodology used in the the with-profits funds. Where foreign exchange risk arises outside measurement of assets and liabilities for ALM purposes conform appetite, currency swaps and other derivatives are used to manage with local solvency regulations. Assessments are carried out on an the exposure. economic basis which conforms to the Groups internal economic capital methodology",risk,1.0,57,Risk Management
chunk_997,", net of reinsurance (14,656) 1,658 1,820 78 2,497 513 (200) (8,290) 71 (8,219) 2021 $m Insurance operations note (i) Growth Inter- Unallocated markets segment Total to a Hong Kong Indonesia Malaysia Singapore and other Eastspring elimination segment segment Total Gross premiums earned 10,032 1,724 1,900 6,246 4,315 – – 24,217 – 24,217 Outward reinsurance premiums (1,557) (43) (47) (137) (60) – – (1,844) – (1,844) Earned premiums",operations,1.0,302,General
chunk_246,". This reflects the release of prudent margins from improvement to the shareholder GWS capital surplus of total our legacy accounting basis, particularly in Hong Kong, recognition of eligible group capital resources over the Group Minimum Capital the shareholders share of the inherited estate within the with-profit Requirement (GMCR) at 1 January 2022 by $9.3 billion14, increasing funds and the net impact of timing differences in the pattern of profit the coverage ratio15 from 408 per cent to 545 per cent (after allowing recognition. We have yet to complete the production of our half-year for the debt redemption in January 2022)",financial,1.0,38,Financial Review
chunk_575,"ESG report / continued Prudential plc  Oversees all aspects of ESG, including people, culture and  Provides rigorous challenge to management on progress Board communities, with ultimate responsibility for determining against goals and targets strategy and prioritisation of key focus areas  Ensures the Group maintains an effective risk management framework, including over climate-related risks and opportunities REPORTING INFORMING The Board delegates specific Group Risk Committee Board Responsibility and Sustainability ESG, including  Meeting frequency in 2022: six times Working Group climate change,  Oversight responsibilities for environmental and  Meeting frequency in 2022: five times oversight matters climate-related issues  Oversees the embedding of the Groups ESG strategy",esg,1.0,78,Sustainability & ESG
chunk_16,". customer experiences and the effectiveness of our distribution and to promote wider financial inclusion. We have continued to work to equip Chief Executive Officer succession our people with the appropriate skills and to support their well-being to It was with this purpose, strategy and long-term growth opportunities ensure our culture celebrates diversity and assures inclusion. in mind that the Board undertook an extensive search for Prudentials new Chief Executive Officer, with clarity about the attributes we were As the strategic and operating review sets out in detail, the advantage looking for in the leader of Prudentials next stage as an exclusively Asia of our business model – with its geographic, channel and product and Africa-focussed company. In particular, the Board sought an",leadership,1.0,6,Leadership - Chair's Statement
chunk_274,". in 2021 and from the benefit arising from the early adoption of the HK RBC. its now exclusive focus on the growth markets of Asia and Africa, The adverse movements in investment returns largely occurred in that the roles of the Chief Executive Officer and Group Chief Financial Hong Kong and the Chinese Mainland and resulted in the losses after Officer would be based in Asia, where Prudentials largest businesses, tax for those segments. the Groups regulator and the rest of the senior management team are located. As a result of these actions the tax residence of Prudential plc Corporate transactions include a $62 million realised gain from has changed to Hong Kong with effect from 3 March 2023. This is an the sale of 8.7 million shares in Jackson Financial Inc",operations,1.0,42,Financial Review
chunk_571,". the Group Risk Committee (GRC). Their terms of reference were amended to ensure a holistic approach to these topics. The GRCs Management oversight additional responsibilities extend to external reporting, via the ESG ESG activity, including the impacts from climate change, is overseen Report, where it relates to those areas within its remit, including at a management level by the Group ESG Committee, which was monitoring the progress on the Groups reporting against the chaired by the Group CEO in his role as ESG sponsor. Other members recommendations of the Task Force on Climate-related Financial of the Committee are the Group Chief Financial Officer, the Group Disclosures (TCFD)",esg,1.0,77,Sustainability & ESG
chunk_565,". It roles of the Board and management committees involved in these recognises the major role that Prudential can continue to play across activities. The supporting management information and frequency Asia and Africa, as well as in the long-term success, resilience and has also been reviewed, including how the management information health of the communities in which we operate. As such, ESG matters, informs the GRC about climate related matters. The ESG, including including climate change, are overseen by the Board, which is climate change, governance during 2022 diagram in this section sets responsible for determining overall strategy and prioritisation of key out the frequency that the Board, GRC and management focus areas, and monitoring risks. committees met during 2022",esg,1.0,77,Sustainability & ESG
chunk_143,". These strategic on the platforms of three digital partners, enabling us to acquire partnerships have enabled us to provide solutions to a wide spectrum more than 91,000 new customers. of customer segments, with SCB focusing on the premier face-to-face segment and UOB serving its customers through multiple distribution models. In addition to SCB and UOB, we have partnerships with other banks on distribution and direct marketing. We are seeking to enhance our bank partnerships particularly in the Syariah space",market,0.8,27,General
chunk_127,". In fact, based on the latest statistics available from the Hong Kongs policies sold in 2019, prior to the Covid-19 pandemic. regulator for the full year, our sales outperformed the market, aided by We believe that Chinese Mainland customers continue to provide the timely launch of our signature multi-currency product. Our market a significant long-term opportunity for the Hong Kong insurance share29 of APE sales increased by 2.0 percentage points to 7.4 per cent industry, an opportunity Prudential Hong Kong remains focused upon, for 2022 compared with 2021. In the discrete fourth quarter of 2022, despite the fact that sales momentum has been severely impacted we outperformed the market and increased our market share to by the restriction on cross-border travel since late January 2020",market,0.6,25,General
chunk_280,". Shareholders equity Group IFRS shareholders equity 2022 $m 2021 $m Adjusted operating profit after tax attributable to shareholders from continuing operations 2,750 2,668 Profit from continuing operations for the year 1,007 2,214 Less non-controlling interest from continuing operations (9) (22) Profit after tax for the year attributable to shareholders from continuing operations 998 2,192 Net decrease in shareholders equity from discontinued operations (see note D1.2 in the IFRS financial results) – (6,283) Demerger dividend in-specie of Jackson – (1,735) Exchange movements",financial,1.0,42,Financial Review
chunk_1309,". The Groups share of the profit for shareholder-backed business (including short-term fluctuations in investment returns), net of related tax, in joint ventures and associates equity accounted for as shown in the Consolidated income statement, is allocated across segments as follows: 2022 $m 2021 $m CPL (144) 278 Hong Kong – 9 Malaysia 24 28 Growth markets and other note 5 (110) Insurance operations (115) 205 Eastspring 144 147 Total segment and Group total 29 352 Note For growth markets and other, as well as the segment results for associates and joint ventures within the segment, the amount shown includes other items of $15 million (2021: $(38) million) which primarily comprise of taxes for all life joint ventures and associates together with other non-recurring items.",operations,1.0,346,General
chunk_420,". The Group has a total of  The Groups Liquidity Risk Management Plan, which includes $2.6 billion of undrawn committed facilities that can be made use details of the Group Liquidity Risk Framework as well as analysis of, expiring in 2026. Access to further liquidity is available through of Group and business units liquidity risks and the adequacy the debt capital markets and the Groups extensive commercial of available liquidity resources under business-as-usual and paper programme. Prudential has maintained a consistent stressed conditions; presence as an issuer in the market for the past decade",risk,1.0,58,Risk Management
chunk_1922,". growth, meet customer needs, improve customer experiences, Prudential believes that competition will intensify across all regions strengthen operational resilience, meet regulatory and industry in response to consumer demand, digital and other technological requirements and maintain market competitiveness, Prudential from advances (including the emergence and maturing of new distribution time to time undertakes corporate restructuring, transformation channels), the need for economies of scale and the consequential programmes and acquisitions and disposals across its business. impact of consolidation, regulatory actions and other factors",market,1.0,437,General
chunk_567,". progress towards the Groups externally communicated climate- In late 2021, the Remuneration Committee decided that a measure related commitments, climate-related opportunities, and the aligned with our published commitment to reduce the carbon evolving expectations of stakeholders, the Board agreed on the need emissions of all shareholder and policyholder assets by 25 per cent for clear communication around Prudentials role in emerging by 2025 should be attached to Executive Directors 2022 Prudential markets. The latter point has been supported by the publication of Long Term Incentive Plan (PLTIP) awards. Carbon reduction targets Prudentials Just and Inclusive Transition white paper, which sets out will also be attached to Executive Directors 2023 PLTIP awards",esg,1.0,77,Sustainability & ESG
chunk_561,. Stakeholder groups Mode of engagement Topics of interest or concern in order of priority where indicated by the stakeholder group Investors Regular meetings Climate change Investor conferences Inclusive products and services Investor Perception Study Responsible investment Digital health innovation Diversity and inclusion Rating agencies Annual meetings Climate change Inclusive products and services Responsible investment Digital health innovation Diversity,esg,1.0,76,Sustainability & ESG
chunk_175,". During the year, there was strong appetite for 19 per cent10 growth in protection sales through TTB. Our focus bundled protection products through the bancassurance channel, on customer needs was also reflected in our market-leading net improving new business profit which was further boosted by the promoter score position in the market29 and our 11 per cent increase impact of higher interest rates. in the number of new customers41 acquired, bringing total customer In the Philippines, while the effects of Covid-19-related disruptions numbers to 1.7 million. hampered sales in the first half of 2022, momentum in the second In Vietnam, we continued to provide customer segment-led half was strong, as economic activity began to normalise",market,0.6,30,General
chunk_22,". In October 2022, we set out in a white paper the case for a just We have worked in my time as Chair to ensure Prudentials Board and inclusive transition, its place in meeting the Paris Agreement, and reflects the transformation of the Group, the markets in which we areas where further actions are required, both from ourselves and the operate and the expertise in areas that will help shape the future wider market. We look forward to working with stakeholders across our success of the company. This year saw further progress in our transition markets on the urgent progress needed. from being the board of a financial holding company of businesses around the world, to the board of an operating company working Looking ahead exclusively in Asia and Africa",leadership,0.8,7,Leadership - Chair's Statement
chunk_18,". Further details on the process are set community are an integral part of our culture, our strategy and our out in the Governance report on pages 176 to 225. business performance, and not just a part of a separate ESG strategy. Reflecting the importance of these areas to us as a business, during We were delighted to announce in May 2022 the appointment of Anil the year we changed the Terms of Reference of the RSWG to focus on Wadhwani as Chief Executive Officer. Anil is a global financial services customers and digital in addition to its existing remit on people, culture leader with over 30 years experience, almost all of it in Asia. He has a and communities",leadership,0.8,7,Leadership - Chair's Statement
chunk_411,". Singapore business contribute to the Groups equity risk exposure due to the equity assets backing participating products. The Indonesia The Group-level Capital and ALM Committee is a management and Malaysia businesses are exposed to equity risk through their committee supporting the identification, assessment and unit-linked products, and in the case of Malaysia exposure also management of key financial risks to the achievement of the arises from participating and investment-linked business. Groups business objectives. The Committee also oversees ALM, solvency and liquidity risks of the local businesses as well as the Foreign exchange risk",risk,1.0,57,Risk Management
chunk_263,". this has been balanced by a fall in mortality claims in the year. As such, the growth of 10 per cent4 from 2021 largely reflects Fee income increased by 1 per cent4, reflecting premium premium growth in the year for our shareholder-backed business. contributions largely offset by unfavourable market movements, Acquisition costs increased in the year, driven by higher APE sales while spread income increased by 3 per cent4, reflecting in-force as compared with the prior year. Administration expenses, including business growth with the improvement in margin primarily driven by renewal commissions, increased by 10 per cent4, reflecting in-force the impact of rising interest rates. business growth and sales and premium tax-related provisions",financial,1.0,40,Financial Review
chunk_59,"by making healthcare affordable and accessible, helping our customers protect their wealth and save for their goals. Meet or exceed Generate benefits customer expectations for our stakeholders Customer service Integrated asset The value we create and loyalty management for our stakeholders We have high customer loyalty, We leverage Eastsprings expertise Customers Investors with a retention ratio consistently in equity, bonds and multi-asset We aim to provide accessible Our Asia and Africa-focused strategy in excess of 89 per cent2",strategy,1.0,17,Strategic Report - Strategy
chunk_287,"Financial review / continued EEV new business profit and APE new business sales (APE sales) Actual exchange rate Constant exchange rate 2022 $m 2021 $m Change % 2021 $m Change % New New New New New business business business business business APE sales profit APE sales profit APE sales profit APE sales profit APE sales profit CPL 884 387 776 352 14 10 743 337 19 15 Hong Kong 522 384 550 736 (5) (48) 546 731 (4) (47) Indonesia 247 125 252 125 (2) – 243 120 2 4 Malaysia 359 159 461 232 (22) (31) 434 219 (17) (27) Singapore 770 499 743 523 4 (5) 724 510 6 (2) Growth markets and other 1,611 630 1,412 558 14 13 1,323 526 22 20 Total 4,393 2,184 4,194 2,526 5 (14) 4,013 2,443 9 (11) Total new business margin 50% 60% 61% EEV operating profit from continuing operations increased by Overall",financial,1.0,44,Financial Review
chunk_259,"Financial review / continued Long-term insurance business adjusted operating profit drivers Profit margin analysis of long-term insurance continuing operations17 Actual exchange rate Constant exchange rate 2022 2021 2021 Margin Margin Margin $m bps $m bps $m bps Spread income 307 72 312 66 299 65 Fee income 331 102 345 103 329 103 With-profits 160 20 135 16 133 16 Insurance margin 3,219 2,897 2,795 Other income 3,429 3,239 3,105 Total life insurance income 7,446 6,928 6,661 Expenses: Acquisition costs (2,346) (53)% (2,085) (50)% (2,000) (50)% Administration expenses (1,732) (230) (1,656) (205) (1,581) (201) DAC adjustments 554 566 545 Share of related tax charges from joint ventures and associates (76) (44) (42) Long-term business pre-tax adjusted operating profit 3,846 3,709 3,583",financial,1.0,40,Financial Review
chunk_92,". To offer these products dynamically and seamlessly to the broadest Digital possible market is only achievable via a digital platform. We have Prudentials digital platform, Pulse, continues to support and enable strengthened our direct product suite, including the launch of our agents, customers and distribution partners across Asia and endowment products in several markets both via Pulse and through Africa in 19 of our majority owned markets of operation. We are partners mobile apps. This has enabled us to capture a larger pool constantly evolving the Pulse proposition as market conditions and of insurance customers from a wider range of socio-economic the distribution landscape changes. The agility and flexibility of the segments",market,1.0,22,Strategic Report - Strategy
chunk_37,"Our business at a glance Our operations In Asia, we provide savings and protection products in many markets challenged by low insurance penetration and a pension funding gap1. In Africa, we are building businesses in some of the worlds most under-penetrated markets. Our largest businesses are based in the Chinese Mainland, Singapore, Hong Kong, Malaysia and Indonesia. Our markets Life insurance Asset management KOREA CHINESE MAINLAND MACAU TAIWAN INDIA HONG MYANMAR KONG LAOS THAILAND VIETNAM CAMBODIA PHILIPPINES MALAYSIA NIGERIA GHANA SINGAPORE UGANDA TOGO CÔTE DIVOIRE CAMEROON KENYA INDONESIA ZAMBIA",operations,1.0,12,General
chunk_168,". Our core its 4P framework for Premium growth, Protection focus, Persistency strengths in the affluent and mass market segments together with improvement and Productivity enhancement. our digital capability helped drive a 17 per cent growth in our Thailand is the second-largest economy in ASEAN with a population customer base to 0.9 million customers. of over 70 million28 and a well-developed financial services industry. Taiwan is the fifth-largest life insurance market in the world40, with a Our strategy in Thailand is to focus on bancassurance and supported population of 24 million28. Our business has an overall APE market by alternative distributions including digital, agency, direct marketing share of 4.4 per cent29, 1.5 percentage points higher than in 2021",strategy,1.0,29,Strategic Report - Strategy
chunk_785,". Account (MESITA) to support the implementation of Malaysias Driving reductions in our operational energy consumption renewable energy agenda and initiatives. Our core focus remains on implementing projects that drive In addition to the GET programme, our landlord at Menara reductions in our operational energy consumption, thereby reducing Prudential, one of our offices in Kuala Lumpur, is purchasing associated Scope 2 emissions. With the Covid-19 pandemic renewable energy supported by I-RECs and has enrolled in the restrictions being relaxed across most of Asia and Africa, we have seen Sarawak Energy Initiative. We have put in place an agreement our office functions starting to resume business-as-usual operations",operations,1.0,105,Corporate Governance
chunk_573,". The revised remit of the GRC is also anticipated to include the Chief Financial Officer. consideration of climate-related issues when reviewing and guiding overall strategy, major plans of action, risk management policies, One of the Group ESG Committees responsibilities is to oversee the annual budgets and business plans. To support the GRC in executing Groups progress towards fulfilling our commitment to report against its duties, the Groups policies and processes supporting significant the recommendations of the Financial Stability Boards Task Force on decisions and transactions have been updated to systematically Climate-related Financial Disclosures (TCFD)",esg,1.0,77,Sustainability & ESG
chunk_343,". This continues to enhance its focus on its customers, as well as adapting challenging inflationary environment led to wide-spread weakness a multi-channel distribution model to reflect evolving markets and across asset classes in 2022, in both fixed income and equities which external operating conditions. The Group Risk, Compliance and posted significant losses. Sentiment was also impacted by weak Security (RCS) function continues to provide risk opinions, guidance, demand in the property sector, and volatility in the economic outlook assurance and engagement with Prudentials Group-wide supervisor, in the Chinese Mainland as Covid-19 restrictions continued through the Hong Kong Insurance Authority (IA), on these critical activities, most of the year",market,0.8,51,General
chunk_888,". through wellbeing will be a focus for us in 2023. We will continue to The Groups executive remuneration arrangements continue to develop our leaders, drive high-performance teams, and provide reward the achievement of Group, business, functional and individual wellness support through the provision of tools and programmes that targets, provided that performance is aligned to the Groups risk help our workforce connect, grow, and succeed in a safe, inclusive and management framework and appetite and that our conduct healthy workplace. expectations, as well as those of our regulators and other  Work: Elevate our people for the future of work. We will cultivate a stakeholders, are met",leadership,1.0,118,Corporate Governance
chunk_68,". Against this backdrop, APE sales9 increased in Asia and Africa. Across Asia, the middle class is growing and is 9 per cent10 to $4,393 million on a constant exchange rate basis forecast to increase by 1.5 billion1 by 2030. Prosperity is also rising reflecting growth in the second half of 2022 from both agency across the region2. This combined with a low level of insurance and bancassurance channels. New business profit11 was down penetration3 and a high level of out-of-pocket health and protection (11) per cent10 with the impact of higher APE sales offset by increased spending4 is driving an estimated $1.8 trillion health protection gap5. interest rates, most significantly in Hong Kong, and business mix In Africa, the population is expected to double to more than effects",operations,1.0,20,Strategic Report - Strategy
chunk_97,". Eastspring is also playing an important role customers at a time, whilst still maintaining a personalised approach. as an active asset manager and is engaging with investee companies We continue to improve and refine this approach, with PRUForce and governments in supporting our commitment to carbon reduction central to the evolution of our agency network. PRUForce is live in six in our insurance company asset portfolio26, allowing us to deliver markets and offers our agents the competitive advantage by allowing profitable growth alongside a positive social impact. them to stay connected with customers, building trust and providing During the year, Eastsprings average funds under management or personalised advice",strategy,1.0,22,Strategic Report - Strategy
chunk_75,". We also or permanent disability. 43 per cent of our new business profit was see large growth opportunities in South-east Asia, particularly in contributed by health and protection products. These products Indonesia and Thailand, and also in India. Our focus on selected and solutions are offered through our multi-channel and integrated markets in East and West Africa has provided us with exposure to distribution and are key to driving long-term business growth. a growing and fast-changing continent since we re-entered Africa in 2014. We will allocate capital to those markets that we consider to have attractive size and demographic characteristics, and where we believe we have the ability to build and retain competitive advantage",strategy,1.0,20,Strategic Report - Strategy
chunk_20,". Mark has made a vital 168. This includes the important initiatives the Prudence Foundation contribution to Prudential in the execution of two demergers as Chief has delivered providing financial literacy education and helping to build Financial Officer and Chief Operating Officer and, in his time as interim resilience around climate, health and safety. Chief Executive Officer, in successfully completing Prudentials restructuring, moving senior management to Asia, implementing a We have drawn attention to the steps needed to support a just and new structure for the Group Executive Committee, and focusing with inclusive transition necessary across our markets. This approach our wider leadership teams on our operational delivery",leadership,1.0,7,Leadership - Chair's Statement
chunk_796,". A specific example of our active Raising employee awareness of the importance of the environment outreach was our integral role in establishing the Emerging Markets and what we can do to minimise our emissions remains a core aim of Transition Investment (EMTI) project. our management team. In support of this we have run several initiatives throughout the year including the Group-wide Green Week The paper highlights the importance that Prudential places on and training sessions. ensuring the transition to a low-carbon economy is a just and inclusive one, and explores case studies and further actions required, Training was delivered to the Africa ESG senior leadership team to both from Prudential and the wider market. help improve capabilities and awareness of the environmental agenda",leadership,1.0,106,Corporate Governance
chunk_288,", EEV shareholders equity from continuing operations 15 per cent4 to $3,952 million, reflecting increased operating profit decreased at 31 December 2022 to $42.2 billion (31 December 2021: from the in-force business and an improvement in central costs; $47.4 billion9)",financial,1.0,44,Financial Review
chunk_54,". Our purpose and function We help people get the most out of life ... The stages in our Meet customer needs Engage with business model in our selected markets customers Markets Products Distribution and Key resources and relationships digitalisation We operate in many markets We focus on providing savings we employ  with low insurance penetration products including participating, Our savings and protection products are with a growing need for savings linked, traditional products alongside distributed through our extensive agent and protection products. fee earning asset management network, banks and digital partnerships. services and protection products",market,0.8,16,Strategic Report - Business Model
chunk_57,". countries in Africa, where we have the savings of our existing customers. Pulse by Prudential is a digital built a rapidly-growing multi-product READ MORE PAGES 16 TO 31 platform supporting and enabling our business since our entry in 2014. customers, agents, and distribution We are the market leaders of partners across Asia and Africa. Syariah business in Indonesia READ MORE PAGES 16 TO 31 and Malaysia",market,0.8,16,Strategic Report - Business Model
chunk_151,"Strategic and operating review / continued Multi-channel distribution In the bancassurance segment, our product innovation drove APE Against a challenging operating backdrop, our agency force sales growth of 17 per cent10. Growth prospects remain strong as we continued to grow with the workforce increasing 8 per cent over continue to build on our strength in the affluent segment and capture the period to over 24,300. We continued to attract high-quality opportunities to penetrate the mass market segment across existing agents, with a retention ratio that is above market levels. In 2022, bank partners, including SCB, UOB and BSN. The merger of UOB and we recruited over 7,400 new agents",strategy,1.0,28,Strategic Report - Strategy
chunk_78,". customers. At the point of purchasing, smart underwriting using Prudentials Futuready Agency programmes aim to give our reflexive methods (an approach to inquiries that generates follow agency force a defensible competitive advantage by leveraging up questions based on the initial answer) enables instant technology, behavioural science, and analytics to improve their skill underwriting decisions with confirmation of terms. sets, capabilities, and external positioning for long-term sustainable In 2022, 79 per cent of new policies were auto-underwritten and growth. 41 per cent of policies were issued with no human intervention",strategy,1.0,21,Strategic Report - Strategy
chunk_202,". numerous industry awards in 2022. Notably, Eastspring Investments Joint venture growth initiatives was named the Best Emerging Markets Equity Manager by the IPAMC continued to enhance its digital strengths and broadened its Citywire Asia Asset Management Awards. At a country level, product suite across equity and fixed income strategies. As a result, Eastspring Singapore was named Top Investment House by The over 50 per cent of new customers were onboarded directly and Asset Benchmark Research Awards, while Eastspring Vietnam was through partnerships with fintech companies and neobanks, resulting named Best Fund House in Vietnam by Asia Asset Management. in an existing customer base of circa eight million",market,0.8,32,General
chunk_400,". Risks in this category include the market risks to our investments and the credit quality of our investment portfolio as well as liquidity risk. Global economic and geopolitical conditions With geopolitical tensions high as national alliances and blocs drive the operating environment and risk landscape for the Group evolve, the jostling of the current world order and the increasing and the level of its exposure to the principal risks outlined below. prioritisation of national security widely defined has become Macroeconomic and geopolitical developments are considered a key determinant of macroeconomic policy, with geopolitical material to the Group and can potentially increase operational and and macroeconomic uncertainties being intertwined",risk,1.0,56,Risk Management
chunk_207,". on weighted new premiums for 2022, preliminary results from Indonesian Life Insurance 6 Source: The Economist, Special report, 28 March 2020 edition. Association), Malaysia (On combined basis where Takaful is on 100%. Based on new 7 Greater China comprises of our businesses in the Chinese Mainland, Hong Kong and business APE for 2022, data from Life Insurance Association of Malaysia for Taiwan. Conventional Business and Insurance Service Malaysia for Takaful business), Singapore 8 South-east Asia comprises of our businesses in Asia excluding the Chinese Mainland, (Based on weighted new business premiums reported within Singapore Life Insurance Hong Kong, Taiwan and India",operations,1.0,33,General
chunk_1929,". detriment and reputational damage. These include back office support functions, such as those relating to technology infrastructure, development and support and customer 3.2 Prudentials businesses are conducted in highly competitive facing operations and services, such as product distribution and environments with rapidly developing demographic trends. services (including through digital channels) and investment The profitability of the Groups businesses depends on operations. This creates reliance upon the resilient operational managements ability to respond to these pressures and trends",market,0.8,437,General
chunk_1649,". 10 Insurance new business Annual premium Present value of new Single premiums Regular premiums equivalents (APE) business premiums (PVNBP) AER 2022 $m 2021 $m 2022 $m 2021 $m 2022 $m 2021 $m 2022 $m 2021 $m CPL note (i) 1,254 1,760 759 600 884 776 3,521 3,761 Hong Kong 842 808 438 469 522 550 3,295 4,847 Indonesia 250 258 222 226 247 252 1,040 1,067 Malaysia 99 74 350 453 359 461 1,879 2,137 Singapore 2,628 2,412 507 502 770 743 6,091 6,214 Growth markets: Africa 9 15 148 133 149 134 308 288 Cambodia – – 18 14 18 14 69 59 India note (ii) 273 285 196 200 223 228 1,148 1,172 Laos – – – 1 – 1 1 2 Myanmar – – 3 1 3 1 6 3 Philippines 61 89 176 168 182 177 615 655 Taiwan 157 172 486 379 503 397 1,835 1,417 Thailand 150 142 220 204 235 218 932 882 Vietnam 99 55 288 237 298 242 1,666 1,649 Total",operations,1.0,399,General
chunk_417,". It includes the risk arising from funds composed of funds managed for external clients (both retail and institutional). illiquid assets and results from a mismatch between the liquidity Liquidity risk is considered material at the level of the Group. profile of assets and liabilities. Liquidity risk may impact on market Prudential has no appetite for any business to have insufficient conditions and valuation of assets in a more uncertain way than for resources to cover its outgoing cash flows, or for the Group as a other risks like interest rate or credit risk. It may arise, for example, whole to not meet cash flow requirements from its debt obligations where external capital is unavailable at sustainable cost, where under any plausible scenario",risk,1.0,57,Risk Management
chunk_848,". This continued to participate in workforce engagement activities during includes challenging and removing both physical and perceived 2022. In addition to its direct engagement with the workforce, the barriers to inclusion, while celebrating neurodiversity and the value of Board and Working Group reviews the output from the annual neurodiverse individuals, and providing accommodations where employment engagement survey and the Collaboration Jam and necessary to enable these individuals to perform their roles at discusses follow-up actions with management, and also receives Prudential. regular updates on employee matters from the Group Chief Executive A summary of our D&I performance is included below. While our and Group HR Director",leadership,1.0,112,Corporate Governance
chunk_1993,". The new law also contains provisions on RBC, customer interests and improving market conduct. The final with a five-year grace period, effective from 1 January 2028. regulations were enacted in Q1 2022 for a full adoption in Q1 2023,  In India, the Insurance Regulatory and Development Authority of and have implications for the product strategies and insurance and India (IRDAI) continues to focus on industry reform by boosting compliance risks for insurers. Industry discussion with respect to innovation, competition, and distribution efficiencies, while moving the implementation of some of the requirements under the new towards a principle-based regulatory regime with considerations of regulations is ongoing. General supervisory focus on insurer technology developments",market,1.0,442,General
chunk_850,". We maintain the FTSE 250 to have at least one non-white director on the Board a culture where diversity is celebrated, and inclusion assured for our by 2024, with six of our 13 directors meeting these criteria. We are people, customers and partners. one of only five FTSE 100 companies with a non-white Chair. Non-white representation on our Group Executive Committee Our Global Diversity & Inclusion (D&I) Council continues to define our (GEC) has also improved in 2022, with 63 per cent of members global D&I strategy and action plan, while driving D&I initiatives meeting these criteria compared with 20 per cent in previous years, across our businesses",leadership,1.0,112,Corporate Governance
chunk_183,". With an In India, ICICI Prudential Life has continued to drive its growth exponential rise in digital adoption, its technology initiatives have ambitions by enhancing its multi-channel distribution capability ensured that it is well positioned. ICICI Prudential will continue to deploy supported by a diversified product mix. In the agency channel, best-in-class technology solutions to increase efficiencies and empower we recruited over 34,700 new agents during the year, bringing the customers. An example of the benefits of its updated technology total number of agents to over 204,000. Outside agency, we have infrastructure and capability is that over 91 per cent of service over 850 partnerships including 34 banks",market,0.8,30,General
chunk_995,". (a) Analysis of total revenue by segment 2022 $m Insurance operations note (i) Growth Inter- Unallocated markets segment Total to a Hong Kong Indonesia Malaysia Singapore and other Eastspring elimination segment segment Total Gross premiums earned 8,792 1,590 1,843 6,540 4,579 – – 23,344 – 23,344 Outward reinsurance premiums (1,494) (34) (58) (299) (58) – – (1,943) – (1,943) Earned premiums",operations,1.0,302,General
chunk_1010,"B Earnings performance / continued B1 Analysis of performance by segment continued B1.4 Additional segmental analysis of profit after tax 2022 $m 2021 $m CPL (144) 278 Hong Kong (211) 1,068 Indonesia 243 362 Malaysia 252 265 Singapore 406 394 Growth markets and other note (i) 881 434 Eastspring 234 284 Total segment 1,661 3,085 Unallocated to a segment (central operations) note (ii) (654) (871) Total profit after tax 1,007 2,214 Notes (i) The Growth markets and other segment comprises all other Asia and Africa insurance businesses alongside other amounts that are not included in the segment profit of an individual business unit, including tax on life joint ventures and associates and other items that are not representative of the underlying segment trading for the year",operations,1.0,304,General
chunk_289,". Of this, $38.9 billion (31 December 2021: $44.6 billion9) partially offset by a decline in the contribution from new business relates to the long-term business. This amount includes our share of profit and lower profit from the asset management business. our India associate valued using embedded value principles. The The operating return on embedded value was 9 per cent (2021: market capitalisation of this associate at 31 December 2022 was 8 per cent9). circa $7.8 billion, which compares with a publicly reported embedded value of circa $4.0 billion at 30 September 2022. The profit from long-term business is driven by the expected return and effects of operating assumption changes and operating EEV shareholders equity on a per share basis at 31 December 2022 experience variances",financial,1.0,44,Financial Review
chunk_416,". Assessments are carried out on an the exposure. economic basis which conforms to the Groups internal economic capital methodology. Liquidity risk (Audited) Prudentials liquidity risk arises from the need to have sufficient derivatives transactions require a sudden significant need of liquid liquid assets to meet policyholder and third-party payments as assets or cash to post as collateral to meet derivatives margin they fall due, considered under both business-as-usual and stressed requirements, or where redemption requests are made against conditions. It includes the risk arising from funds composed of funds managed for external clients (both retail and institutional)",risk,1.0,57,Risk Management
chunk_163,". and productivity, as measured by APE sales per active agent, rose 2 per cent10, despite the industry headwinds. Growth markets and other Actual exchange rate Constant exchange rate 2022 2021 Change 2021 Change APE sales ($m) 1,611 1,412 14% 1,323 22% New business profit ($m) 630 558 13% 526 20% New business margin (%) 39 40 (1)ppt 40 (1)ppt Adjusted operating profit ($m) 1,057 932 13% 880 20% IFRS profit after tax ($m) 881 434 103% 406 117%  Adjusted operating profit and Group IFRS profit after tax are discussed separately in the Financial review section of this Strategic report. The Groups growth markets and other segment incorporates its benefit business",strategy,1.0,29,Strategic Report - Strategy
chunk_355,". However, challenges to related to changes in traditional working practices and the use of supply chains, technologies and access to raw materials and energy digital services, technologies and distribution methods to customers, will remain where national security concerns are heightened. Over the while monitoring and mitigating the potential increase in technology, longer term, the conflict, and the diplomatic and economic reactions data security or misuse and regulatory risks that these may bring",market,1.0,52,General
chunk_48,.  Providing inclusive offerings for all segments.  Ensuring our working environment is inclusive and promotes belonging. SEE OUR STRATEGIC AND OPERATING REVIEW PAGE 16 SEE OUR ESG STRATEGY PAGE 66,strategy,1.0,14,Strategic Report - Strategy
chunk_564,"Managing the process Following this transition of responsibilities, an exercise was completed ESG governance overview to map out the material climate and climate-commitment-related The Board considers ESG to be integrated and aligned with our core activities which support the GRCs new responsibilities, and the business strategy of protecting peoples wealth, helping them grow supporting governance arrangements including the demarcation in their assets, and empowering them to save for their goals. It roles of the Board and management committees involved in these recognises the major role that Prudential can continue to play across activities",esg,1.0,77,Sustainability & ESG
chunk_1932,", operations, new business sales and demographic trends, customer appetite for certain savings products renewals, distribution channels and services to customers, or result (which may be impacted by broader economic pressures) and in the loss of confidential or proprietary data",market,0.8,437,General
chunk_276,". Of In 2022, the effective tax rate on adjusted operating profit was the $1,009 million total taxes remitted in 2022, over $950 million 18 per cent, broadly aligned with the prior year rate of 17 per cent. related to our Asian and African insurance and asset management businesses who pay and collect taxes where they do business and The effective tax rate on total IFRS profit in 2022 was 31 per cent where they make investments. None of these tax remittances will be (2021: 17 per cent), reflecting the adverse impact of investment affected by Prudential plc changing tax residence. This change does losses on which no tax credit is recognised",financial,1.0,42,Financial Review
chunk_421,". Prudential has maintained a consistent stressed conditions; presence as an issuer in the market for the past decade.  The Groups Collateral Management Framework, which sets out A number of risk management tools are used to manage the approach to ensuring business units using derivatives have and mitigate liquidity risk, including the following: sufficient liquid assets or ability to raise liquidity to meet derivatives margins;  The Groups liquidity risk policy;  The Groups contingency plans and identified sources of liquidity;  Risk appetite statements, limits and triggers;  The Groups ability to access the money and debt capital markets; and  The Groups access to external committed credit facilities",risk,1.0,58,Risk Management
chunk_572,". Chief Risk and Compliance Officer, the Group HR Director, both the Chief Executive and CIO of Eastspring, and the Chief Executive of It is anticipated that the GRC will have a standing item on its agenda PACS (Prudentials Singapore business). During 2022, the Group ESG in relation to its oversight of climate change, including progress Committee was strengthened by the inclusion of the recently- against our climate targets. In setting future targets or commitments, appointed Group CIO and Group Corporate Affairs Director. From the GRC will consider and make appropriate recommendations to the 26 February 2023, the Group ESG Committee is chaired by the Group Board. The revised remit of the GRC is also anticipated to include the Chief Financial Officer",esg,1.0,77,Sustainability & ESG
chunk_3,statements 376 European Embedded Value (EEV) basis results Our risk profile 402 Additional information 404 Index to the additional unaudited financial information 430 Risk factors 443 Glossary 447 Shareholder information 450 How to contact us The Directors Report of Prudential plc for the year ended 31 December 2022 is set out on pages 4 to 5,leadership,0.8,3,Leadership - Chair's Statement
chunk_407,"Risks to the Groups financial situation (including those from the external macroeconomic and geopolitical environment) continued Market risks to our investments (continued) The Groups risk exposure to rising interest rates also arises from the Equity and property investment risk. The shareholder exposure potential impact to the present value of future fees for unit-linked to equity price movements arises from various sources, including based businesses, such as in Indonesia and Malaysia, as well as the from unit-linked products where fee income is linked to the market impact to the present value of the future profits for accident and value of funds under management. Exposure also arises from health products, such as in Hong Kong",risk,1.0,57,Risk Management
chunk_99,"As a Group, we see opportunities to deepen our share of the wealth During 2022 Seck Wai-Kwong, CEO, Eastspring; Dennis Tan, CEO, market by providing holistic wealth solutions to our high-net-worth Prudential Singapore; Lilian Ng, CEO, Insurance; and Solmaz Altin, and affluent customers. Our large and diverse customer base, Group Chief Strategy and Transformation Officer, were all promoted well-positioned agency networks, strong intermediary relationships to the Group Executive Committee (GEC). Mr Tan, Ms Ng and Mr Altin and leading brand name position us well to better serve this segment were promoted to Managing Directors of the Strategic Business and deepen our relationship with our existing customers. Fund Groups, which consist of selected markets",strategy,1.0,23,Strategic Report - Strategy
